uuid,f_address
1,NA
2,NA
3,NA
4,"Birmingham, AL"
5,"Mobile, AL"
6,"Hoover, AL"
7,"Montgomery, AL"
8,"Bentonville, AR"
9,"Chandler, AZ"
10,"Phoenix, AZ"
11,"chandler, AZ"
12,"Chandler, AZ"
13,"85260, AZ"
14,"Chandler, AZ"
15,"Chandler, AZ"
16,"SCOTTSDALE, AZ"
17,"PHOENIX, AZ"
18,"Phoenix, Az"
19,"Chandler, AZ"
20,"Tempe, AZ"
21,"Gilbert, AZ"
22,"GILBERT, AZ"
23,"Gilbert, AZ"
24,"scottsdale, AZ"
25,"Chandler, AZ"
26,"Chandler, AZ"
27,"Chandler, Az"
28,"PHOENIX, AZ"
29,"Phoenix, AZ"
30,"Chandler, AZ"
31,"Phoenix, AZ"
32,"Chandler, AZ"
33,"Phoenix, AZ"
34,"Chandler, AZ"
35,"Chandler, AZ"
36,"Chandler, AZ"
37,"Chandler, AZ"
38,"Phoenix, AZ"
39,"Chandler, AZ"
40,"Burnaby, BC"
41,"Brampton, Brampton"
42,NA
43,NA
44,"Fremont, CA"
45,"San Ramon, CA"
46,"MOUNTAIN VIEW, CA"
47,"Dublin, CA"
48,"Saratoga, CA"
49,"SUNNYVALE, CA"
50,"Saratoga, CA"
51,"Pleasanton, CA"
52,"Bakersfield, CA"
53,"Redondo Beach, CA"
54,"Menlo Park, CA"
55,"Fremont, CA"
56,"Fremont, CA"
57,"Fremont, CA"
58,"Folsom, CA"
59,"Fremont, CA"
60,"San Diego, CA"
61,"Santa Clara, CA"
62,"Porter Ranch, CA"
63,"SAN JOSE, CA"
64,"Fremont, CA"
65,"Dublin, CA"
66,"Dublin, CA"
67,"Fremont, CA"
68,"CUPERTINO, CA"
69,"Fremont, CA"
70,"SAN JOSE, CA"
71,"SUNNYVALE, CA"
72,"Fremont, CA"
73,"San Jose, CA"
74,"Santa Clara, CA"
75,"San Jose, CA"
76,"Fremont, CA"
77,"Cupertino, CA"
78,"Rocklin, CA"
79,"san jose, CA"
80,"San Jose, CA"
81,"Redondo Beach, CA"
82,"BAKERSFIELD, CA"
83,"Fremont, CA"
84,"Fremont, CA"
85,"Rocklim, CA"
86,"san Jose, CA"
87,"Fremont, CA"
88,"Dublin, CA"
89,"Saratoga, CA"
90,"Redondo beach, CA"
91,"saratoga, CA"
92,"San Jose, CA"
93,"MOUNTAIN VIEW, CA"
94,"Cypress, CA"
95,"riverside, CA"
96,"Fremont, CA"
97,"Porter Ranch, CA"
98,"Irvine, CA"
99,"Cupertino, CA"
100,"Pleasanton, CA"
101,"sanjose, CA"
102,"Fremont, CA"
103,"LOS ALTOS, CA"
104,"Fremont, CA"
105,"Saratoga, CA"
106,"Fremont, CA"
107,"North Hollywood, CA"
108,"Irvine, CA"
109,"San Jose, CA"
110,"San Jose, CA"
111,"Cupertino, CA"
112,"Fremont, CA"
113,"Lakewood, CA"
114,"Woodland Hills, CA"
115,"Santa Clara, CA"
116,"San Jose, CA"
117,"Los Altos, CA"
118,"CULVER CITY, CA"
119,"Union City, CA"
120,"Fremont, CA"
121,"Dublin, CA"
122,"Escondido, CA"
123,"Fremont, CA"
124,"Milpitas, CA"
125,"Fremont, CA"
126,"Pleasanton, CA"
127,"San Diego, CA"
128,"Milpitas, CA"
129,"San Ramon, CA"
130,"San Jose, CA"
131,"SARATOGA, CA"
132,"San Jose, CA"
133,"Fremont, CA"
134,"San Jose, CA"
135,"Torrance, CA"
136,"Aliso Viejo, CA"
137,"Aliso Viejo, CA"
138,"Cypress, CA"
139,"Springville, CA"
140,"Dublin, CA"
141,"Mission Viejo, CA"
142,"Milpitas, CA"
143,"Costa Mesa, CA"
144,"Los Angeles, CA"
145,"Milpitas, CA"
146,"Irvine, CA"
147,"San Ramon, CA"
148,"Pleasanton, CA"
149,"Santa Clarita, CA"
150,"Milpitas, CA"
151,"Los ANgeles, CA"
152,"Campbell, CA"
153,"San Jose, CA"
154,"Rsm, CA"
155,"Fremont, CA"
156,"Dublin, CA"
157,"SIMI VALLEY, CA"
158,"Milpitas, CA"
159,"Santa Clara, CA"
160,"FREMONT, CA"
161,"Los Angeles, CA"
162,"Folsom, CA"
163,"Fremont, CA"
164,"San Jose, CA"
165,"La palma, CA"
166,"La palma, CA"
167,"San Mateo, CA"
168,"Fremont, CA"
169,"Highlands Ranch, CO"
170,"Highland ranch, CO"
171,"Highlands Ranch, CO"
172,"Avon, CT"
173,"Stamford, CT"
174,"Ellington, CT"
175,"Washington, DC"
176,"Washington Dc, DC"
177,"Newark, DE"
178,"Port Orange, FL"
179,"Tallahassee, FL"
180,"Winter Park, FL"
181,"Sanford, FL"
182,"Dunedin, FL"
183,"Tampa, FL"
184,"Stuart, FL"
185,"Jacksonville, FL"
186,"Tampa, FL"
187,"St Petersburg, FL"
188,"Jacksonville, FL"
189,"Tampa, FL"
190,"TAMPA, FL"
191,"Tampa, FL"
192,"Dunedin, FL"
193,"Doral, FL"
194,"West Palm Beach, FL"
195,"Windermere, FL"
196,"PLANTATION, FL"
197,"Coral Gables, FL"
198,"Orlando, FL"
199,"Orlando, FL"
200,"LAKELAND, FL, FL"
201,"Saint Petersburg, FL"
202,"Tampa, FL"
203,"Alpharetta, GA"
204,"Alpharetta, GA"
205,"DULUTH, GA"
206,"Johns Creek, GA"
207,"Smyrna, GA"
208,"Cumming, GA"
209,"Columbus, GA"
210,"Marietta, GA"
211,"Alpharetta, GA"
212,"Johns Creek, GA"
213,"Johns Creek, GA"
214,"Suwanee, GA"
215,"Suwanee, GA"
216,"Alpharetta, GA"
217,"Alpharetta, GA"
218,"Alpharetta, GA"
219,"Cumming, GA"
220,"Marietta, GA"
221,"Marietta, GA"
222,"Suwanee, GA"
223,"Alpharetta, GA"
224,"Atlanta, GA"
225,"Martinez, GA"
226,"Roswell, GA"
227,"Kennesaw, GA"
228,"Atlanta, GA"
229,"Suwanee, GA"
230,"Duluth, GA"
231,"Atlanta, GA"
232,"Sugar Hill, GA"
233,"Johnscreek, GA"
234,"Marietta, GA"
235,"Marietta, GA"
236,"Suwanee, GA"
237,"Cumming, GA"
238,"Alpharetta, GA"
239,"Johns creek, GA"
240,"Duluth, GA"
241,"Suwanee, GA"
242,"Duluth, GA"
243,"Cumming, GA"
244,"Alpharetta, GA"
245,"West Des Moines, IA"
246,"Bettendorf, IA"
247,"West Des Moines, IA"
248,"Pella, IA"
249,"Boise, ID"
250,"Aurora, IL"
251,"BUFFALO GROVE, IL"
252,"Round Lake, IL"
253,"Saint Charles, IL"
254,"Chicago, IL"
255,"Prospect Heights, IL"
256,"Buffalo Grove, IL"
257,"Chicago, IL"
258,"Lisle, IL"
259,"Aurora, IL"
260,"Aurora, IL"
261,"Aurora, IL"
262,"Buffalo grove, IL"
263,"Providence Ave, IL"
264,"Chicago, IL"
265,"Plainfield, IL"
266,"Chicago, IL"
267,"GLENVIEW, IL"
268,"Naperville, IL"
269,"Chatham, IL"
270,"Hawthorn Woods, IL"
271,"Vernon Hills, IL"
272,"Aurora, IL"
273,"Aurora, IL"
274,"Naperville, IL"
275,"Naperville, IL"
276,"Prospect heights, IL"
277,"Naperville, IL"
278,"St. Charles, IL"
279,"Vernon Hills, IL"
280,"Chicago, IL"
281,"Springfield, IL"
282,"Hinsdale, IL"
283,"Hinsdale, IL"
284,"HINSDALE, IL"
285,"Aurora, IL"
286,"Chicago, IL"
287,"naperville, IL"
288,"Chicago, IL"
289,"Carmel, IN"
290,"Zionsville, IN"
291,"Valparaiso, IN"
292,"Idaho, KS"
293,"Overland Park, KS"
294,"Paducah, KY"
295,"Baton Rouge, LA"
296,"SHREVEPORT, LA"
297,"Shreveport, La"
298,"Westford, MA"
299,"Woburn, MA"
300,"East Walpole, MA"
301,"Woburn, MA"
302,"Framingham, mA"
303,"Woburn, MA"
304,"Arlington, MA"
305,"Natick, MA"
306,"waltham, MA"
307,"Westborough, MA"
308,"SHREWSBURY, MA"
309,"Woburn, MA"
310,"Franklin, MA"
311,"Attleboro, MA"
312,"QUINCY, MA"
313,"Ashland, MA"
314,"Franklin, MA"
315,"Tyngsboro, MA"
316,"Boston, MA"
317,"Chelsea, MA"
318,"Hopkinton, MA"
319,"Shrewsbury, MA"
320,"Quincy, MA"
321,"Quincy, MA"
322,"Bellingham, MA"
323,"Norwood, MA"
324,"Belmont, MA"
325,"Mansfield, MA"
326,"North Grafton, MA"
327,"North Grafton, MA"
328,"DANVERS, MA"
329,"Andover, MA"
330,"Andover, MA"
331,"Burlington, MA"
332,"Malden, MA"
333,"Shrewsbury, MA"
334,"Shrewsbury, MA"
335,"Tewksbury, MA"
336,"FOXBORO, MA"
337,"Shrewsbury, MA"
338,"Shrewsbury, MA"
339,"Andover, MA"
340,"Westford, MA"
341,"Norwood, MA"
342,"Sharon, MA"
343,"North Andover, MA"
344,"Holliston, MA"
345,"SHREWSBURY, MA"
346,NA
347,"Ellicott City, MD"
348,"Elkridge, MD"
349,"Rockville, MD"
350,"Potomac, MD"
351,"Silverspring, MD"
352,"Owings Mills, MD"
353,"North Potomac, MD"
354,"ELLICOTT CITY, MD"
355,"Clarksburg, MD"
356,"Ellicott city, MD"
357,"clarksville, MD"
358,"Ellicott city, MD"
359,"Clarksburg, MD"
360,"Elkridge, MD"
361,"Potomac, MD"
362,"Woodstock, MD"
363,"Ellicott City, MD"
364,"Ellicott City, MD"
365,"Clarksburg, MD"
366,"Clarksburg, MD"
367,"Germantown, MD"
368,"Silverspring, MD"
369,"gaithersburg, MD"
370,"NORTH POTOMAC, MD"
371,"Cockeysville, MD"
372,"North Potomac, MD"
373,"Cockeysville, MD"
374,"Ellicott City, MD"
375,"Farmington hills, MI"
376,"Ann Arbor, MI"
377,"Sterling Heights, MI"
378,"Troy, MI"
379,"Bloomfield Township, MI"
380,"Macomb township, MI"
381,"Farmington, MI"
382,"Troy, MI"
383,"Northville, MI"
384,"West Bloomfield, MI"
385,"NORTHVILLE, MI"
386,"West Bloomfield, MI"
387,"Rochester Hills, MI"
388,"Novi, MI"
389,"Northville, MI"
390,"Sterling Heights, MI"
391,"Ann Arbor, MI"
392,"Troy, MI"
393,"Troy, MI"
394,"Novi, MI"
395,"Farmington Hills, MI"
396,"STERLING HEIGHTS, MI"
397,"Ann Arbor, MI"
398,"Troy, MI"
399,"Novi, MI"
400,"Novi, MI"
401,"Troy, MI"
402,"Troy, MI"
403,"Canton, MI"
404,"Troy, MI"
405,"NOVI, MI"
406,"Farmington Hill, MI"
407,"Rochester hills, MI"
408,"chaska, MN"
409,"Falcon Heights, MN"
410,"BALLWIN, MO"
411,"ballwin, MO"
412,"Maryville, MO"
413,"O Fallon, MO"
414,"Morrisville, Nc"
415,"Apex, NC"
416,"Charlotte, NC"
417,"Morrisville, Nc"
418,"Winston Salem, NC"
419,"Charlotte, NC"
420,"Raleigh, NC"
421,"Morrisville, NC"
422,"Omaha, NE"
423,"Omaha, NE"
424,"Omaha, NE"
425,"Omaha, NE"
426,"Omaha, NE"
427,"Nashua, NH"
428,"Nashua, NH"
429,"Lawrenceville, NJ"
430,"Hillsborough, NJ"
431,"HACKETTSTOWN, NJ"
432,"Jersey City, NJ"
433,"Monmouth Jct, NJ"
434,"Princeton Jct, NJ"
435,"Dayton, NJ"
436,"Whippany, NJ"
437,"Princeton, NJ"
438,"Plainsboro, NJ"
439,"Towaco, NJ"
440,"Towaco, NJ"
441,"Hackensack, NJ"
442,"Monmouth Junction, NJ"
443,"Edison, NJ"
444,"Plainsboro, NJ"
445,"Monroe, NJ"
446,"Jersey city, NJ"
447,"Edison, NJ"
448,"North Brunswick, NJ"
449,"Monmouth Junction, NJ"
450,"South Brunswick Township, NJ"
451,"East Brunswick, NJ"
452,"piscataway, NJ"
453,"Edison, NJ"
454,"Monmouth Jn, NJ"
455,"Monmouth junction, NJ"
456,"Basking Ridge, NJ"
457,"Robbinsville, NJ"
458,"Plainsboro, NJ"
459,"Monmouth Junction, NJ"
460,"Jersey City, NJ"
461,"EDISON, NJ"
462,"Plainsboro, NJ"
463,"Robbinsville, NJ"
464,"MONROE, NJ"
465,"Jersey City, NJ"
466,"Morrisplains, NJ"
467,"New Jersey, NJ"
468,"Edison, NJ"
469,"Plainsboro, NJ"
470,"Hillsborough, NJ"
471,"Edison, NJ"
472,"Monroe TWP, NJ"
473,"East Brunswick, NJ"
474,"Monmouth jct, NJ"
475,"Monmouth Junction, NJ"
476,"Warren, NJ"
477,"East Brunswick, NJ"
478,"Monmouth Jct, NJ"
479,"Franklin Park, NJ"
480,"Princeton, NJ"
481,"Basking ridge, NJ"
482,"Voorhees, NJ"
483,"Woodbridge, NJ"
484,"MONMOUTH JUNCTION, NJ"
485,"Robbinsville, NJ"
486,"Dayton, NJ"
487,"Dayton, NJ"
488,"North Brunswick, NJ"
489,"Edison, NJ"
490,"Randolph, NJ"
491,"Hillsborough, NJ"
492,"Bridgewater, NJ"
493,"Monmouth Junction, NJ"
494,"Monroe, NJ"
495,"East windsor, NJ"
496,"Piscataway, NJ"
497,"Piscataway, NJ"
498,"Randolph, NJ"
499,"East Brunswick, NJ"
500,"Piscataway Township, NJ"
501,"North Brunswick, NJ"
502,"Edison, NJ"
503,"Plainsboro, NJ"
504,"Princeton Meadows, NJ"
505,"Robbinsville, NJ"
506,"Robbinsville, NJ"
507,"South Brunswick Township, NJ"
508,"Pennington, NJ"
509,"Pennington, NJ"
510,"Edison, NJ"
511,"ROBBINSVILLE, NJ"
512,"Monroe, NJ"
513,"Montville, NJ"
514,"Monroe, NJ"
515,"Edison, NJ"
516,"Edison, NJ"
517,"Edison, NJ"
518,"Dayton, NJ"
519,"Robbinsville, NJ"
520,"Monroe township, NJ"
521,"Plainsboro, NJ"
522,"Dayton, NJ"
523,"PRINCETON JCT, NJ"
524,"Dayton, NJ"
525,"Princeton, NJ"
526,"Monroe Township, NJ"
527,"Edison, NJ"
528,"Skillman, NJ"
529,"Basking Ridge, NJ"
530,"Cranbury, NJ"
531,"BELLE MEAD, NJ"
532,"Parsippany, NJ"
533,"MONROE, NJ"
534,"Sydney, NSW"
535,"Albany, NY"
536,"NESCONSET, NY"
537,"PITTSFORD, NY"
538,"Utica, NY"
539,"Hicksville, NY"
540,"Hauppauge, NY"
541,"Hauppauge, NY"
542,"Syosset, NY"
543,"Nesconset, NY"
544,"WILLISTON PARK, NY"
545,NA
546,"Delaware, OH"
547,"DELAWARE, OH"
548,"plain city, OH"
549,"West Chester, OH"
550,"Canal Fulton, OH"
551,"Mason, OH"
552,"Sandusky, OH"
553,"Lewis Center, OH"
554,"new albany, OH"
555,"Avon, OH"
556,"Dublin, OH"
557,"LEWIS CENTER, OH"
558,"Dublin, OH"
559,"Strongsville, OH"
560,"Lewis Center, OH"
561,"Lewis Center, OH"
562,"Plaincity, OH"
563,"North, ON"
564,"North York, ON"
565,"STITTSVILLE, ON"
566,"TORONTO, ON"
567,"Windsor, ON"
568,"Brampton, ON"
569,"Toronto, ON"
570,"Niagara Falls, ON"
571,"Niagara Falls, ON"
572,"Portland, OR"
573,"North Plains, OR"
574,"Lake Oswego, OR"
575,"Portland, OR"
576,"Portland, OR"
577,"Beaverton, OR"
578,"The Dalles, OR"
579,"hillsboro, OR"
580,"Hillsboro, OR"
581,"Beaverton, OR"
582,"PORTLAND, OR"
583,"Portland, OR"
584,"North Wales, PA"
585,"North Wales, PA"
586,"Hatfield, PA"
587,"Philadelphia, PA"
588,"Macungie, PA"
589,"GLEN MILLS, PA"
590,"Lancaster, PA"
591,"Pittsburgh, PA"
592,"Bensalem, PA"
593,"Pittsburgh, PA"
594,"Aston, PA"
595,"West Chester, PA"
596,"Elizabethtown, PA"
597,"Doylestown, PA"
598,"North Smithfield, RI"
599,"East Providence, RI"
600,"North Smithfield, RI"
601,"Cumberland, RI"
602,"Anderson, SC"
603,"Plano, TC"
604,"Mount Juliet, TN"
605,"Franklin, TN"
606,"Chennai, TN"
607,"Chennai, TN"
608,"Franklin, TN"
609,"Collierville, TN"
610,"Austin, TX"
611,"Houston, TX"
612,"Austin, TX"
613,"Cedar Park, TX"
614,"Frisco, TX"
615,"Houston, TX"
616,"San Antonio, TX"
617,"Sugar Land, TX"
618,"Frisco, TX"
619,"Round Rock, TX"
620,"Round Rock, TX"
621,"Sugarland, TX"
622,"Round Rock, TX"
623,"Katy, TX"
624,"Plano, TX"
625,"Round Rock, TX"
626,"Austin, TX"
627,"Sugar Land, TX"
628,"Austin, TX"
629,"Fulshear, TX"
630,"COPPELL, TX"
631,"Katy, TX"
632,"frisco, TX"
633,"Frisco, TX"
634,"Katy, TX"
635,"Katy, TX"
636,"Mckinney, TX"
637,"Cedar Park, TX"
638,"Katy, TX"
639,"Katy, TX"
640,"Austin, TX"
641,"Richardson, TX"
642,"Frisco, TX"
643,"Austin, TX"
644,"Frisco, TX"
645,"Richardson, TX"
646,"Katy, TX"
647,"plano, TX"
648,"Plano, TX"
649,"Irving, TX"
650,"Austin, TX"
651,"Austin, TX"
652,"TX, TX"
653,"Georgetown, TX"
654,"Irving, TX"
655,"Murphy, TX"
656,"Carrollton, TX"
657,"irving, TX"
658,"Beaumont, TX"
659,"Austin, TX"
660,"Friendswood, TX"
661,"Sugar Land, TX"
662,"FRISCO, TX"
663,"Houston, TX"
664,"PLANO, TX"
665,"Austin, TX"
666,"Frisco, TX"
667,"Cypress, TX"
668,"Sugarland, TX"
669,"Irving, TX"
670,"SAN ANTONIO, TX"
671,"Cedar Park, TX"
672,"Pearland, TX"
673,"Stafford, TX"
674,"ROUND ROCK, TX"
675,"Plano, TX"
676,"Plano, TX"
677,"Austin, TX"
678,"Pearland, TX"
679,"Katy, TX"
680,"Katy, TX"
681,"KATY, TX"
682,"Sugar Land, TX"
683,"Austin, TX"
684,"Frisco, TX"
685,"Houston, TX"
686,"Frisco, TX"
687,"Frisco, TX"
688,"Austin, TX"
689,"mckinney, TX"
690,"mckinney, TX"
691,"Coppell, TX"
692,"Murphy, TX"
693,"LITTLE ELM, TX"
694,"Cypress, TX"
695,"Conroe, TX"
696,"Irvimg, TX"
697,"Plano, TX"
698,"Plano, TX"
699,"Plano, TX"
700,"Houston, TX"
701,"Frisco, TX"
702,"Round Rock, TX"
703,"Katy, TX"
704,"Little elm, TX"
705,"Coppell, TX"
706,"Cedar Park, TX"
707,"Katy, TX"
708,"Murphy, TX"
709,"Irving, TX"
710,"Georgetown, TX"
711,"Frisco, TX"
712,"Plano, TX"
713,"Cedar Park, TX"
714,"Austin, TX"
715,"Austin, TX"
716,"CARROLLTON, TX"
717,"Irving, TX"
718,"Sugar Land, TX"
719,"Frisco, TX"
720,"Plano, TX"
721,"San Antonio, TX"
722,"CEDAR  PARK, TX"
723,"Cedar Park, TX"
724,"Cedar park, TX"
725,"Allen, TX"
726,"Dallas, TX"
727,"Frisco, TX"
728,"Frisco, TX"
729,"Irving, TX"
730,"MCKINNEY, TX"
731,"Little Elm, TX"
732,"Richardson, TX"
733,"IRVING, TX"
734,"Pearland, TX"
735,"Plano, TX"
736,"irving, TX"
737,"Pearland, TX"
738,"Mckinney, TX"
739,"Frisco, TX"
740,"Frisco, TX"
741,"Coppell, TX"
742,"San Antonio, TX"
743,"Austin, TX"
744,"Austin, TX"
745,"Mckinney, TX"
746,"FRISCO, TX"
747,"Austin, TX"
748,"Richardson, TX"
749,"Round Rock, TX"
750,"Katy, TX"
751,"Frisco, TX"
752,"Sugar land, TX"
753,"San Antonio, TX"
754,"Cedar Park, TX"
755,"Irving, TX"
756,"McKinney, TX"
757,"Frisco, TX"
758,"Dubai, UAE"
759,NA
760,NA
761,"Ashburn, VA"
762,"Chantilly, VA"
763,"Chantilly, VA"
764,"Alexandria, VA"
765,"Herndon, VA"
766,"Sterling, VA"
767,"Gainesville, VA"
768,"Henrico, VA"
769,"Ashburn, VA"
770,"Ashburn, VA"
771,"Glen Allen, VA"
772,"glen allen, VA"
773,"Glen allen, VA"
774,"Fairfax, VA"
775,"Vienna, VA"
776,"Glen Allen, VA"
777,"Gainesville, VA"
778,"HERNDON, VA"
779,"Herndon, VA"
780,"Aldie, VA"
781,"Centreville, VA"
782,"Ashburn, VA"
783,"VIENNA, VA"
784,"aldie, VA"
785,"Chantilly, VA"
786,"Fairfax Station, VA"
787,"Ashburn, VA"
788,"Vienna, VA"
789,"Glen Allen, VA"
790,"Ashburn, VA"
791,"ALDIE, VA"
792,"Ashburn, VA"
793,"Ashburn, VA"
794,"Ashburn, VA"
795,"Great falls, VA"
796,"Ashburn, VA"
797,"Herndon, VA"
798,"Ashburn, VA, VA"
799,"Aldie, VA"
800,"Aldie, VA"
801,"Aldie, VA"
802,"fairfax, VA"
803,"reston, VA"
804,"Aldie, VA"
805,"Chantilly, VA"
806,"Glen Allen, VA"
807,"Glen Allen, VA"
808,"Mechanicsville, VA"
809,"Chantilly, VA"
810,"Glen Allen, VA"
811,"Ashburn, VA"
812,"Chantilly, VA"
813,"Haymarket, VA"
814,"Bristow, VA"
815,"Ashburn, VA"
816,"Centreville, VA"
817,"glen allen, VA"
818,"Ashburn, VA"
819,"Aldie, VA"
820,"Ashburn, VA"
821,"BOTHELL, WA"
822,"Redmond, WA"
823,"SAMMAMISH, WA"
824,"Bellevue, WA"
825,"Issaquah, WA"
826,"Kirkland, WA"
827,"Sammamish, WA"
828,"bellevue, WA"
829,"Bellevue, WA"
830,"Bothell, WA"
831,"Sammamish, WA"
832,"Bellevue, WA"
833,"Issaquah, WA"
834,"REDMOND, WA"
835,"BELLEVUE, WA"
836,"Seattle, WA"
837,"Redmond, WA"
838,"Sammamish, WA"
839,"Seattle, WA"
840,"Issaquah, WA"
841,"Seattle, WA"
842,"Bothell, WA"
843,"Seattle, WA"
844,"BELLEVUE, WA"
845,"Sammamish, WA"
846,"Issaquah, WA"
847,"Sammamish, WA"
848,"Redmond, WA"
849,"Sammamish, WA"
850,"Bothell, WA"
851,"Camas, WA"
852,"Camas, WA"
853,"Bothell, WA"
854,"Bothell, WA"
855,"Bellevue, WA"
856,"Bellevue, WA"
857,"BOTHELL, WA"
858,"Bothell, WA"
859,"Kirkland, WA"
860,"Tumwater, WA"
861,"Sammamish, WA"
862,"Mercer Island, WA"
863,"Camas, WA"
864,"Bellevue, WA"
865,"Bellevue, WA"
866,"Bellevue, WA"
867,"Bellevue, WA"
868,"Sammamish, WA"
869,"Bothell, WA"
870,"Redmond, WA"
871,"Bellevue, WA"
872,"Oak Creek, WI"
873,"Madison, WI"
874,"Brookfield, WI"
875,"Menomonee Falls, WI"
876,NA
